{
  "project_info": {
    "project_number": "500153404975",
    "project_id": "test-4d480",
    "storage_bucket": "test-4d480.appspot.com"
  },
  "client": [
    {
      "client_info": {
        "mobilesdk_app_id": "1:500153404975:android:2e9667a4d6a6a2f41d40da",
        "android_client_info": {
          "package_name": "com.example.myapplication"
        }
      },
      "oauth_client": [],
      "api_key": [
        {
          "current_key": "AIzaSyC5Bk9qSabSwu9wQsJuIQHGJ8OHQ9k8ulc"
        }
      ],
      "services": {
        "appinvite_service": {
          "other_platform_oauth_client": []
        }
      }
    }
  ],
  "configuration_version": "1"
}