{
  "project_info": {
    "project_number": "953141298666",
    "project_id": "test01-1c94a",
    "storage_bucket": "test01-1c94a.appspot.com"
  },
  "client": [
    {
      "client_info": {
        "mobilesdk_app_id": "1:953141298666:android:cc6b0e5da41226ef999e93",
        "android_client_info": {
          "package_name": "com.example.myapplication"
        }
      },
      "oauth_client": [],
      "api_key": [
        {
          "current_key": "AIzaSyD7ImEsIuysa20wxlt0Vfj_HSw7o14Ovlw"
        }
      ],
      "services": {
        "appinvite_service": {
          "other_platform_oauth_client": []
        }
      }
    }
  ],
  "configuration_version": "1"
}